郵便番号,住所,建物,種類
7630104,該当なし
7630101,該当なし
7630107,該当なし
7630044,香川県 丸亀市 福島町９ - １７,ステーションハイツ,マンションV16
7630011,該当なし
7630001,該当なし
7630062,該当なし
7630225,該当なし
7630228,該当なし
7630221,該当なし
7630222,該当なし
7630224,該当なし
7630226,該当なし
7630223,該当なし
7630227,該当なし
7630023,該当なし
7630064,該当なし
7630005,該当なし
7630042,該当なし
7630072,香川県 丸亀市 山北町３９２ - １,城南レークサイドハイツ,マンションG16
7630072,香川県 丸亀市 山北町４４５ - １,ロイヤルガーデン蓮池公園,マンションV16
7630026,該当なし
7620000,該当なし
7620037,該当なし
7620006,該当なし
7620035,該当なし
7620002,該当なし
7620072,該当なし
7620011,該当なし
7620014,該当なし
7620013,該当なし
7620016,該当なし
7620027,該当なし
7620015,該当なし
7620052,該当なし
7620038,該当なし
7620022,該当なし
7620023,該当なし
7620062,該当なし
7620025,該当なし
7620018,該当なし
7620001,該当なし
7620003,該当なし
7620043,該当なし
7620051,該当なし
7620032,該当なし
7620026,該当なし
7620061,該当なし
7620066,該当なし
7620004,該当なし
7620042,該当なし
7620047,該当なし
7620067,該当なし
7620017,該当なし
7620033,該当なし
7620055,該当なし
7620056,該当なし
7620058,該当なし
7620054,該当なし
7620053,該当なし
7620021,該当なし
7620041,該当なし
7620036,該当なし
7620012,該当なし
7620063,該当なし
7620064,該当なし
7620065,該当なし
7620073,該当なし
7620034,該当なし
7620046,該当なし
7620024,該当なし
7620031,該当なし
7620044,該当なし
7620057,該当なし
7620007,該当なし
7620045,該当なし
7620005,該当なし
7620071,該当なし
7650000,該当なし
7650053,該当なし
7650014,該当なし
7650022,該当なし
7650052,該当なし
7650011,該当なし
7650012,該当なし
7650033,該当なし
7650051,該当なし
7650031,該当なし
7650021,該当なし
7650003,該当なし
7650004,該当なし
7650001,該当なし
7650072,該当なし
7650073,該当なし
7650032,該当なし
7650062,該当なし
7650071,該当なし
7650013,該当なし
7650002,該当なし
7650040,該当なし
7650061,該当なし
7680000,該当なし
7680062,該当なし
7680052,該当なし
7680031,該当なし
7680071,該当なし
7680012,該当なし
7691617,該当なし
7691624,該当なし
7691621,該当なし
7691622,該当なし
7691625,該当なし
7691611,該当なし
7691623,該当なし
7691612,該当なし
7691614,該当なし
7691613,該当なし
7691616,該当なし
7691615,該当なし
7680060,該当なし
7680051,該当なし
7680040,該当なし
7680064,該当なし
7680074,該当なし
7680072,該当なし
7680067,該当なし
7680063,該当なし
7680069,該当なし
7680073,該当なし
7680011,該当なし
7680066,該当なし
7680033,該当なし
7680065,該当なし
7680002,該当なし
7680068,該当なし
7691601,該当なし
7691604,該当なし
7691603,該当なし
7691602,該当なし
7680024,該当なし
7680014,該当なし
7680077,該当なし
7680075,該当なし
7680032,該当なし
7680023,該当なし
7680076,該当なし
7680070,該当なし
7680013,該当なし
7680001,該当なし
7680022,該当なし
7680061,該当なし
7680021,該当なし
7692300,該当なし
7610904,該当なし
7610902,該当なし
7610901,該当なし
7610903,該当なし
7610905,該当なし
7692103,該当なし
7692104,該当なし
7692102,該当なし
7692322,該当なし
7692321,該当なし
7692323,該当なし
7692101,該当なし
7692304,該当なし
7692105,該当なし
7692315,該当なし
7692314,該当なし
7692312,該当なし
7692313,該当なし
7692311,該当なし
7692306,該当なし
7692401,該当なし
7692402,該当なし
7692302,該当なし
7692301,該当なし
7692303,該当なし
7692305,該当なし
